Book Id,Title,Author,Author l-f,Additional Authors,ISBN,ISBN13,My Rating,Average Rating,Publisher,Binding,Number of Pages,Year Published,Original Publication Year,Date Read,Date Added,Bookshelves,Bookshelves with positions,Exclusive Shelf,My Review,Spoiler,Private Notes,Read Count,Owned Copies
29901930,The Fisherman,John  Langan,"Langan, John",,"=""1939905214""","=""9781939905215""",4,3.84,Word Horde,Paperback,266,2016,2016,2026/02/20,2026/02/05,bros-from-the-book-club,bros-from-the-book-club (#9),read,,,,1,0
6101718,"The Magicians (The Magicians, #1)",Lev Grossman,"Grossman, Lev",,"=""0670020559""","=""9780670020553""",0,3.53,Viking,Hardcover,402,2009,2009,,2026/02/18,to-read,to-read (#59),to-read,,,,0,0
10842223,The Incal,Alejandro Jodorowsky,"Jodorowsky, Alejandro","Mœbius, Sasha Watson, Vanessa Molina Clémet, Justin Kelly, Brian Michael Bendis","=""1594650152""","=""9781594650154""",4,4.10,Humanoids,Hardcover,307,2011,1981,2026/02/05,2026/01/06,,,read,,,,1,0
222725518,Empire of AI: Dreams and Nightmares in Sam Altman's OpenAI,Karen Hao,"Hao, Karen",,"=""0593657519""","=""9780593657515""",0,4.04,Penguin Press,Kindle Edition,496,2025,2025,,2026/01/05,to-read,to-read (#58),to-read,,,,0,0
211399783,"The Thinking Machine: Jensen Huang, Nvidia, and the World's Most Coveted Microchip",Stephen Witt,"Witt, Stephen",,"=""0593832698""","=""9780593832691""",0,4.32,Viking,Hardcover,272,2025,2025,,2026/01/05,to-read,to-read (#57),to-read,,,,0,0
55887851,Second Foundation (Foundation #3),Isaac Asimov,"Asimov, Isaac",,"=""""","=""""",5,4.28,Del Rey,Paperback,234,2020,1953,2025/12/31,2025/10/09,queue,queue (#9),read,,,,1,0
208874101,El ruletista,Mircea Cărtărescu,"Cărtărescu, Mircea",Marian Ochoa de Eribe,"=""841513004X""","=""9788415130048""",5,4.20,Impedimenta,Paperback,62,2023,2011,2025/12/29,2025/12/29,,,read,,,,1,0
230422795,Neón Genesis Evangelion ANIMA Vol. 3,Ikuto Yamashita,"Yamashita, Ikuto",,"=""607582717X""","=""9786075827179""",3,3.84,Panini Manga,Paperback,320,2025,2018,2025/12/18,2025/09/24,,,read,,,,1,0
24842858,Antiimperialismo: Patriotas y traidores,Mark Twain,"Twain, Mark",,"=""""","=""""",2,3.50,Diario Público,Mass Market Paperback,267,2010,1992,2020/07/16,2020/07/06,,,read,,,,1,0
222490389,Alchemised,SenLinYu,"SenLinYu, SenLinYu",,"=""0593972708""","=""9780593972700""",0,4.37,Del Rey,Hardcover,1030,2025,2025,,2025/12/01,to-read,to-read (#56),to-read,,,,0,0
210384823,Shroud,Adrian Tchaikovsky,"Tchaikovsky, Adrian",,"=""1035013797""","=""9781035013791""",0,4.18,Tor,Hardcover,436,2025,2025,,2025/11/12,to-read,to-read (#55),to-read,,,,0,0
216881365,Of Monsters and Mainframes,Barbara Truelove,"Truelove, Barbara",,"=""196472113X""","=""9781964721132""",0,4.08,Bindery Books,Paperback,411,2025,2025,,2025/11/12,to-read,to-read (#54),to-read,,,,0,0
211479192,Water Moon,Samantha Sotto Yambao,"Yambao, Samantha Sotto",,"=""0593724992""","=""9780593724996""",0,3.78,Del Rey,Hardcover,374,2025,2025,,2025/11/12,to-read,to-read (#53),to-read,,,,0,0
56791389,"Dungeon Crawler Carl (Dungeon Crawler Carl, #1)",Matt Dinniman,"Dinniman, Matt",,"=""""","=""""",0,4.48,Dandy House,Kindle Edition,464,2020,2020,,2025/10/24,"to-read, bros-from-the-book-club","to-read (#52), bros-from-the-book-club (#8)",to-read,,,,0,0
53447,El túnel,Ernesto Sabato,"Sabato, Ernesto",Nino Pipia,"=""9871144261""","=""9789871144266""",3,4.02,Booket,Paperback,158,2003,1948,2025/10/14,2025/10/09,bros-from-the-book-club,bros-from-the-book-club (#7),read,,,,1,0
27833670,Dark Matter,Blake Crouch,"Crouch, Blake",,"=""1101904224""","=""9781101904220""",4,4.13,Ballantine Books,Hardcover,342,2016,2016,2025/09/21,2025/09/10,bros-from-the-book-club,bros-from-the-book-club (#6),read,,,,1,0
11829140,El caballero inexistente,Italo Calvino,"Calvino, Italo",Francesc Miravitlles,"=""8402066429""","=""9788402066428""",4,3.82,Editorial Bruguera,Paperback,189,1979,1959,2025/07/10,2025/07/08,bros-from-the-book-club,bros-from-the-book-club (#5),read,,,,1,0
48484,"Blindsight (Firefall, #1)",Peter Watts,"Watts, Peter",,"=""0765312182""","=""9780765312181""",5,4.00,Tor Books,Hardcover,384,2006,2006,2025/06/29,2025/05/14,bros-from-the-book-club,bros-from-the-book-club (#4),read,,,,1,0
59968759,"Everything for Everyone: An Oral History of the New York Commune, 2052–2072",M.E. O'Brien,"O'Brien, M.E.",Eman Abdelhadi,"=""194217358X""","=""9781942173588""",2,4.04,Common Notions,Paperback,256,2022,2022,2025/04/21,2025/04/21,bros-from-the-book-club,bros-from-the-book-club (#3),read,,,,1,0
36337550,The 7 1/2 Deaths of Evelyn Hardcastle,Stuart Turton,"Turton, Stuart",,"=""""","=""""",3,3.78,Sourcebooks Landmark,Hardcover,432,2018,2018,2025/04/13,2025/04/04,bros-from-the-book-club,bros-from-the-book-club (#2),read,,,,1,0
36809135,Where the Crawdads Sing,Delia Owens,"Owens, Delia",,"=""0735219117""","=""9780735219113""",0,4.37,G.P. Putnam’s Sons,ebook,384,2018,2018,,2025/10/24,"currently-reading, bros-from-the-book-club","currently-reading (#3), bros-from-the-book-club (#1)",currently-reading,,,,1,0
7886338,The Lifecycle of Software Objects,Ted Chiang,"Chiang, Ted",,"=""1596063173""","=""9781596063174""",0,3.91,Subterranean Pr,Hardcover,150,2010,2010,,2025/10/17,to-read,to-read (#51),to-read,,,,0,0
36262251,The Redemption of Time (Remembrance of Earth’s Past),Baoshu,"Baoshu, Baoshu",Ken Liu,"=""1788542207""","=""9781788542203""",0,3.63,Head of Zeus,Hardcover,400,2019,2011,,2025/10/09,"to-read, queue","to-read (#50), queue (#11)",to-read,,,,0,0
217388097,"Monk and Robot (Monk & Robot, #1-2)",Becky Chambers,"Chambers, Becky",,"=""1250386330""","=""9781250386335""",0,4.27,Tordotcom,Paperback,304,2025,2025,,2025/10/09,"to-read, queue","to-read (#49), queue (#10)",to-read,,,,0,0
54227467,The End of Eternity,Isaac Asimov,"Asimov, Isaac",,"=""0593160029""","=""9780593160022""",0,4.24,Del Rey,Paperback,221,2020,1955,,2025/10/09,"to-read, queue","to-read (#48), queue (#8)",to-read,,,,0,0
13614215,El Perseguidor (ilustrado),Julio Cortázar,"Cortázar, Julio",,"=""""","=""""",0,4.16,,Unknown Binding,,,1958,,2025/10/09,"to-read, queue","to-read (#47), queue (#7)",to-read,,,,0,0
231517013,Todos los fines del mundo,Andrea Chapela,"Chapela, Andrea",,"=""6073857454""","=""9786073857451""",0,3.79,Penguin Random House Grupo Editorial,Paperback,320,2025,,,2025/10/09,"to-read, queue","to-read (#46), queue (#6)",to-read,,,,0,0
11289,"The Rise of Endymion (Hyperion Cantos, #4)",Dan Simmons,"Simmons, Dan",,"=""0553572989""","=""9780553572988""",0,4.17,Spectra,Mass Market Paperback,709,1998,1997,,2025/10/09,"to-read, queue","to-read (#45), queue (#5)",to-read,,,,0,0
3977,"Endymion (Hyperion Cantos, #3)",Dan Simmons,"Simmons, Dan",Gary Ruddell,"=""0553572946""","=""9780553572940""",0,4.19,Bantam Spectra,Mass Market Paperback,563,1996,1996,,2025/10/09,"to-read, queue","to-read (#44), queue (#4)",to-read,,,,0,0
547094,I Am Legend and Other Stories,Richard Matheson,"Matheson, Richard",,"=""031286504X""","=""9780312865047""",0,4.00,Orb Books,Paperback,317,1997,1954,,2025/08/19,"to-read, queue","to-read (#42), queue (#3)",to-read,,,,0,0
57106040,La anomalía,Hervé Le Tellier,"Tellier, Hervé Le",Pablo Martín Sánchez,"=""8432237922""","=""9788432237928""",0,3.79,Seix Barral,Paperback,366,2021,2020,,2025/09/24,to-read,to-read (#43),to-read,,,,0,0
43909397,No Longer Human,Junji Ito,"Ito, Junji",Osamu Dazai,"=""1974707091""","=""9781974707096""",5,4.28,VIZ Media,Hardcover,616,2019,2019,2025/09/07,2025/08/20,,,read,,,,1,0
55868456,The Spear Cuts Through Water,Simon Jimenez,"Jimenez, Simon",,"=""0593156595""","=""9780593156599""",0,4.14,Del Rey,Hardcover,525,2022,2022,,2024/12/29,"queue, currently-reading","queue (#1), currently-reading (#2)",currently-reading,,,,1,0
43695901,5 Centimeters per Second: one more side,Arata Kanoh,"Kanoh, Arata","Makoto Shinkai, Kristi Fernandez","=""1947194097""","=""9781947194090""",4,4.08,Vertical,Paperback,240,2019,2011,2025/07/24,2025/07/16,,,read,,,,1,0
238775195,Do Androids Dream of Electric Sheep?,Philip K. Dick,"Dick, Philip K.",Roger Zelazny,"=""0345404475""","=""9780345404473""",4,4.09,Del Rey,Paperback,224,2017,1968,2023/02/18,2025/07/16,,,read,,,,3,0
222347913,Neón Genesis Evangelion ANIMA Vol. 2,Ikuto Yamashita,"Yamashita, Ikuto",,"=""""","=""""",4,3.78,Panini Manga,Paperback,308,2024,2017,2025/05/27,2025/03/04,,,read,,,,1,0
60139504,How to Keep House While Drowning,K.C.  Davis,"Davis, K.C.",,"=""166800285X""","=""9781668002858""",0,4.20,S&S/Simon Element,Kindle Edition,151,2022,2022,,2025/04/21,to-read,to-read (#41),to-read,,,,0,0
43352954,This Is How You Lose the Time War,Amal El-Mohtar,"El-Mohtar, Amal",Max Gladstone,"=""""","=""""",0,3.83,Saga Press,ebook,209,2019,2019,,2025/04/21,to-read,to-read (#40),to-read,,,,0,0
58725025,"Ordinary Monsters (The Talents Trilogy, #1)",J.M. Miro,"Miro, J.M.",,"=""1250833663""","=""9781250833662""",0,3.77,Flatiron Books,Hardcover,672,2022,2022,,2025/04/21,to-read,to-read (#39),to-read,,,,0,0
61294937,"The Adventures of Amina al-Sirafi (Amina al-Sirafi, #1)",Shannon Chakraborty,"Chakraborty, Shannon",S.A. Chakraborty,"=""""","=""""",0,4.24,Harper Voyager,Hardcover,483,2023,2023,,2025/04/21,to-read,to-read (#38),to-read,,,,0,0
60652997,"Hell Bent (Alex Stern, #2)",Leigh Bardugo,"Bardugo, Leigh",,"=""1250313104""","=""9781250313102""",0,4.10,Flatiron Books,Hardcover,481,2023,2023,,2025/04/21,to-read,to-read (#37),to-read,,,,0,0
41880609,On Earth We're Briefly Gorgeous,Ocean Vuong,"Vuong, Ocean",,"=""0525562028""","=""9780525562023""",0,4.00,Penguin Press,Hardcover,246,2019,2019,,2025/04/21,to-read,to-read (#36),to-read,,,,0,0
49628,Cloud Atlas,David  Mitchell,"Mitchell, David",,"=""0375507256""","=""9780375507250""",0,4.01,Random House,Paperback,509,2004,2004,,2025/04/21,to-read,to-read (#35),to-read,,,,0,0
11,"The Hitchhiker’s Guide to the Galaxy (Hitchhiker's Guide to the Galaxy, #1)",Douglas Adams,"Adams, Douglas",,"=""""","=""""",0,4.22,Del Rey Books,Mass Market Paperback,216,2005,1979,,2025/04/21,to-read,to-read (#34),to-read,,,,0,0
49552,The Stranger,Albert Camus,"Camus, Albert",Matthew  Ward,"=""""","=""""",0,4.03,Vintage International,Paperback,123,1989,1942,,2025/04/21,to-read,to-read (#33),to-read,,,,0,0
33052,Murder in the Cathedral,T.S. Eliot,"Eliot, T.S.",,"=""0156632772""","=""9780156632775""",0,3.71,"Harcourt, Brace Jovanovich/Harvest",Paperback,148,1964,1936,,2025/04/21,to-read,to-read (#32),to-read,,,,0,0
61153739,Outlive: The Science & Art of Longevity,Peter Attia,"Attia, Peter",Bill Gifford,"=""0593236599""","=""9780593236598""",0,4.31,Harmony,Hardcover,496,2023,2023,,2025/04/21,to-read,to-read (#31),to-read,,,,0,0
3828902,Thinking In Systems: A Primer,Donella H. Meadows,"Meadows, Donella H.",Diana Wright,"=""1603580557""","=""9781603580557""",0,4.18,Chelsea Green Publishing,Paperback,218,2008,2008,,2025/04/21,to-read,to-read (#30),to-read,,,,0,0
60141828,The Tunnel Ahead,Alice Glaser,"Glaser, Alice",,"=""""","=""""",0,3.95,,Paperback,8,2012,,,2025/03/25,to-read,to-read (#29),to-read,,,,0,0
220170629,Neón Genesis Evangelion ANIMA Vol. 1,Ikuto Yamashita,"Yamashita, Ikuto",Khara,"=""6075823638""","=""9786075823638""",4,3.77,Panini Manga,Paperback,262,2024,,2024/12/29,2024/12/27,,,read,,,,1,0
55181781,"Owarimonogatari, Part 2: End Tale",NisiOisiN,"NisiOisiN, NisiOisiN",,"=""1646597303""","=""9781646597307""",5,4.34,Kodansha Comics,Kindle Edition,375,2020,2014,2025/02/02,2025/01/07,,,read,,,,1,0
61179,Ringworld (Ringworld #1),Larry Niven,"Niven, Larry",,"=""0575077026""","=""9780575077027""",0,3.94,Gollancz,Paperback,288,2005,1970,,2025/01/09,to-read,to-read (#28),to-read,,,,0,0
8935689,"Consider Phlebas (Culture, #1)",Iain M. Banks,"Banks, Iain M.",,"=""1857231384""","=""9781857231380""",0,3.85,Orbit,Paperback,467,1988,1987,,2025/01/09,to-read,to-read (#27),to-read,,,,0,0
12343793,The Global Industrial Complex: Systems of Domination,Steven Best,"Best, Steven","Richard Kahn, Anthony J. Nocella II, Peter McLaren","=""0739136976""","=""9780739136973""",0,4.00,Lexington Books,Hardcover,344,2011,2011,,2025/01/03,to-read,to-read (#26),to-read,,,,0,0
60576433,Foundation and Empire (Foundation #2),Isaac Asimov,"Asimov, Isaac",,"=""""","=""""",5,4.22,Del Ray,Paperback,304,2021,1952,2025/01/03,2025/01/01,,,read,,,,1,0
32758901,"All Systems Red (The Murderbot Diaries, #1)",Martha Wells,"Wells, Martha",,"=""""","=""""",3,4.11,Tor.com,ebook,144,2017,2017,2024/12/31,2024/12/29,,,read,,,,1,0
22733729,"The Long Way to a Small, Angry Planet (Wayfarers, #1)",Becky Chambers,"Chambers, Becky",,"=""1500453307""","=""9781500453305""",0,4.17,CreateSpace Independent Publishing Platform ,Paperback,518,2014,2014,,2024/12/30,to-read,to-read (#25),to-read,,,,0,0
18490708,"Echopraxia (Firefall, #2)",Peter Watts,"Watts, Peter",,"=""076532802X""","=""9780765328021""",0,3.83,Tor Books,Hardcover,384,2014,2014,,2024/12/29,"to-read, queue","to-read (#24), queue (#2)",to-read,,,,0,0
2102600,"Zoe's Tale (Old Man's War, #4)",John Scalzi,"Scalzi, John",,"=""0765316986""","=""9780765316981""",4,3.78,Tor Books,Hardcover,335,2008,2008,2024/12/22,2024/12/18,,,read,,,,1,0
218695937,The Dream Hotel,Laila Lalami,"Lalami, Laila",,"=""0593317602""","=""9780593317600""",0,3.60,Pantheon,Hardcover,336,2025,2025,,2024/12/18,to-read,to-read (#23),to-read,,,,0,0
211003759,All the Water in the World,Eiren Caffall,"Caffall, Eiren",,"=""1250353521""","=""9781250353528""",0,3.58,St. Martin's Press,Hardcover,295,2025,2025,,2024/12/18,to-read,to-read (#22),to-read,,,,0,0
55153125,"Owarimonogatari, Part 1: End Tale",NisiOisiN,"NisiOisiN, NisiOisiN",,"=""164659729X""","=""9781646597291""",4,4.52,Kodansha Comics,Kindle Edition,415,2020,2013,2024/11/22,2024/10/05,,,read,,,,1,0
7112382,Cuentos desde el Reino Peligroso,J.R.R. Tolkien,"Tolkien, J.R.R.",Alan  Lee,"=""6070701364""","=""9786070701368""",4,4.07,Minotauro,Paperback,326,2009,1997,,2020/01/08,,,read,,,,1,0
36421253,Alice Isn't Dead,Joseph Fink,"Fink, Joseph",,"=""""","=""9780062890139""",0,3.59,Harper Perennial,Hardcover,323,2018,2018,,2024/10/17,to-read,to-read (#21),to-read,,,,0,0
124582544,The Pyramid Principle: Logic in Writing and Thinking,Barbara Minto,"Minto, Barbara",,"=""""","=""""",0,3.91,Prentice Hall,Hardcover,0,,,,2024/10/09,currently-reading,currently-reading (#1),currently-reading,,,,1,0
55609332,Antología de Poesía Árabe Contemporánea,Leonor Martínez Marín,"Marín, Leonor Martínez",,"=""""","=""""",4,4.00,Espasa Calpe,Paperback,236,1972,,2024/10/03,2024/04/30,,,read,,,,1,0
46184229,"Nisemonogatari, Part 2: Fake Tale",NisiOisiN,"NisiOisiN, NisiOisiN",VOFAN,"=""1642129097""","=""9781642129090""",3,3.91,Kodansha,Kindle Edition,338,2019,2009,2020/11/20,2020/11/12,,,read,,,,1,0
7215633,Las buenas conciencias,Carlos Fuentes,"Fuentes, Carlos",,"=""9681603214""","=""9789681603212""",4,3.75,"Fondo de Cultura Económica, S.A. de C.V.",Paperback,191,1959,,2024/02/19,2024/01/21,,,read,,,,1,0
46158889,Kizumonogatari,NisiOisiN,"NisiOisiN, NisiOisiN",,"=""1642129038""","=""9781642129038""",5,4.28,Kodansha,Kindle Edition,314,2019,2008,2020/02/01,2020/01/21,,,read,,,,1,0
50817160,KOYOMIMONOGATARI part 2,NisiOisiN,"NisiOisiN, NisiOisiN",VOFAN,"=""1646590643""","=""9781646590643""",4,3.71,KODANSHA,Kindle Edition,240,2019,,2023/03/15,2023/03/07,,,read,,,,1,0
46158389,"Bakemonogatari, Part 3: Monster Tale (Bakemonogatari, #1, Part 3)",NisiOisiN,"NisiOisiN, NisiOisiN",,"=""1642129062""","=""9781642129069""",4,4.23,Kodansha,Kindle Edition,281,2019,2006,2020/07/23,2020/07/21,,,read,,,,1,0
46158390,"Nisemonogatari, Part 1: Fake Tale",NisiOisiN,"NisiOisiN, NisiOisiN",,"=""1642129089""","=""9781642129083""",3,3.95,Kodansha,Kindle Edition,343,2019,2008,2020/10/02,2020/09/24,,,read,,,,1,0
46157366,"Bakemonogatari, Part 1 (Bakemonogatari, #1, Part 1)",NisiOisiN,"NisiOisiN, NisiOisiN",,"=""1642129046""","=""9781642129045""",4,4.11,Kodansha,Kindle Edition,225,2019,2006,2020/04/27,2020/04/15,,,read,,,,1,0
50817119,KABUKIMONOGATARI,NisiOisiN,"NisiOisiN, NisiOisiN",VOFAN,"=""1646590597""","=""9781646590599""",4,4.24,KODANSHA,Kindle Edition,484,2019,2010,2021/07/21,2021/07/16,,,read,,,,1,0
46158388,"Bakemonogatari, Part 2: Monster Tale (Bakemonogatari, #1, Part 2)",NisiOisiN,"NisiOisiN, NisiOisiN",,"=""1642129054""","=""9781642129052""",3,4.15,Kodansha,Kindle Edition,399,2019,2006,2020/06/15,2020/06/08,,,read,,,,1,0
50817139,NEKOMONOGATARI (WHITE),NisiOisiN,"NisiOisiN, NisiOisiN",VOFAN,"=""1646590562""","=""9781646590568""",5,4.47,KODANSHA,Kindle Edition,342,2019,2010,2021/03/08,2021/03/04,,,read,,,,1,0
11391907,"El Mundo Como Voluntad y Representación (Sepan Cuantos, #419)",Arthur Schopenhauer,"Schopenhauer, Arthur",,"=""9700760685""","=""9789700760681""",3,4.22,Porrua,Paperback,323,2009,1818,,2021/03/21,,,read,,,,2,0
17165932,"Independent Study (The Testing, #2)",Joelle Charbonneau,"Charbonneau, Joelle",,"=""0547959206""","=""9780547959207""",3,3.94,Clarion Books,Hardcover,320,2014,2014,,2020/01/08,,,read,,,,1,0
19326287,Aura: A Novel,Carlos Fuentes,"Fuentes, Carlos",Lysander Kemp,"=""1466840048""","=""9781466840041""",4,3.82,"Farrar, Straus and Giroux",Kindle Edition,47,2013,1962,2021/08/01,2021/08/01,,,read,,,,1,0
4703581,The City & the City,China Miéville,"Miéville, China",,"=""0345497511""","=""9780345497512""",0,3.90,Del Rey/Ballantine Books,Hardcover,336,2009,2009,,2024/07/04,to-read,to-read (#20),to-read,,,,0,0
17934530,"Annihilation (Southern Reach, #1)",Jeff Vandermeer,"Vandermeer, Jeff",,"=""0374104093""","=""9780374104092""",0,3.80,"Farrar, Straus and Giroux",Paperback,195,2014,2014,,2024/07/04,to-read,to-read (#19),to-read,,,,0,0
25372801,All the Birds in the Sky,Charlie Jane Anders,"Anders, Charlie Jane",,"=""0765379945""","=""9780765379948""",0,3.59,Tor Books,Hardcover,316,2016,2016,,2024/07/04,to-read,to-read (#18),to-read,,,,0,0
8180987,"The Last Colony (Old Man's War, #3)",John Scalzi,"Scalzi, John",,"=""""","=""""",4,4.11,Tor Books,Kindle Edition,336,2010,2007,2024/03/09,2024/02/20,,,read,,,,1,0
38242135,"AI Superpowers: China, Silicon Valley, and the New World Order",Kai-Fu Lee,"Lee, Kai-Fu",,"=""132854639X""","=""9781328546395""",0,4.09,Harper Business,Hardcover,255,2018,2018,,2024/03/07,to-read,to-read (#17),to-read,,,,0,0
136293152,Memoria de mis putas tristes,Gabriel García Márquez,"Márquez, Gabriel García",,"=""607078085X""","=""9786070780851""",4,3.58,Kairry,Hardcover,0,2015,2004,2024/01/28,2024/01/20,,,read,,,,1,0
43082995,El lenguaje de las matemáticas. Historias de sus símbolos,Raúl Rojas González,"González, Raúl Rojas",,"=""607165971X""","=""9786071659712""",0,4.19,Fondo de Cultura Económica,Paperback,260,2018,,,2024/01/25,to-read,to-read (#16),to-read,,,,0,0
8406798,Sumario de la natural historia de las Indias,Gonzalo Fernández de Oviedo,"Oviedo, Gonzalo Fernández de",Fondo de Cultura Económica,"=""9681600924""","=""9789681600921""",3,3.69,Fondo de Cultura Económica,Hardcover,281,1950,1526,2024/01/18,2024/01/08,,,read,,,,1,0
13119083,Cuentos completos,Jorge Luis Borges,"Borges, Jorge Luis",,"=""6073105282""","=""9786073105286""",5,4.56,Lumen,Paperback,545,2011,1998,2024/01/06,2023/05/15,,,read,,,,1,0
58755499,"Bakemonogatari, Band 1",Oh! Great,"Great, Oh!",NisiOisiN,"=""3842069677""","=""9783842069671""",0,3.67,TOKYOPOP,Paperback,184,2021,2018,2024/01/03,2023/12/31,,,read,,,,1,0
58473038,Teenage Mutant Ninja Turtles: The Last Ronin,Kevin Eastman,"Eastman, Kevin","Peter Laird, Tom Waltz, Esau Escorza, Isaac Escorza, Ben Bishop, Luis Antonio Delgado, Samuel Plata, Ronda Pattison, Shawn Lee, Robert Rodríguez","=""1684058414""","=""9781684058419""",5,4.40,IDW Publishing,Hardcover,224,2022,2022,2023/12/29,2023/12/27,,,read,,,,1,0
38180,On the Beach,Nevil Shute,"Shute, Nevil",,"=""""","=""""",0,3.98,House of Stratus Ltd,Paperback,296,2002,1957,,2023/09/08,to-read,to-read (#15),to-read,,,,0,0
39863101,Madona con abrigo de piel,Sabahattin Ali,"Ali, Sabahattin",,"=""""","=""""",4,4.32,Ediciones Salamandra,Kindle Edition,224,2018,1943,2023/07/10,2023/07/07,,,read,,,,1,0
145444,Improbable,Adam Fawer,"Fawer, Adam",,"=""006073678X""","=""9780060736781""",0,4.15,HarperTorch,Mass Market Paperback,464,2006,2005,,2023/05/28,to-read,to-read (#14),to-read,,,,0,0
59149,Beware of Pity,Stefan Zweig,"Zweig, Stefan","Phyllis Blewitt, Trevor Blewitt","=""""","=""""",0,4.26,NYRB Classics,Paperback,353,2006,1939,,2023/05/28,to-read,to-read (#13),to-read,,,,0,0
929782,Martin Eden,Jack London,"London, Jack",Andrew Sinclair,"=""""","=""""",0,4.48,Penguin,Paperback,480,1994,1909,,2023/05/28,to-read,to-read (#12),to-read,,,,0,0
7011414,El libro vacío / Los años falsos,Josefina Vicens,"Vicens, Josefina",,"=""9681678958""","=""9789681678951""",5,4.40,Fondo de Cultura Económica,Hardcover,336,2008,,2023/05/14,2023/03/22,,,read,,,,1,0
62687857,The Covenant of Water,Abraham   Verghese,"Verghese, Abraham",,"=""""","=""""",0,4.41,Grove Press,Hardcover,724,2023,2023,,2023/04/25,to-read,to-read (#11),to-read,,,,0,0
40881903,Unparalleled,D.S.   Smith,"Smith, D.S.",,"=""""","=""""",0,4.12,Amazon Media EU S.à r.l.,Kindle Edition,287,2019,2018,,2023/04/25,to-read,to-read (#10),to-read,,,,0,0
43124053,"KOYOMIMONOGATARI, Part 1: Calendar Tale (Monogatari)",NisiOisiN,"NisiOisiN, NisiOisiN","VOFAN, Daniel  Joseph","=""1947194488""","=""9781947194489""",4,3.57,Vertical,Paperback,239,2019,,2023/03/07,2023/03/06,,,read,,,,1,0
11468377,"Thinking, Fast and Slow",Daniel Kahneman,"Kahneman, Daniel",,"=""0374275637""","=""9780374275631""",4,4.17,"Farrar, Straus and Giroux",Hardcover,499,2011,2011,2023/02/10,2023/01/30,,,read,,,,1,0
7445179,The Children of Húrin,J.R.R. Tolkien,"Tolkien, J.R.R.","Christopher Tolkien, Alan  Lee","=""0345518845""","=""9780345518842""",4,4.06,Del Rey,Mass Market Paperback,313,2010,2007,2023/01/27,2023/01/23,,,read,,,,1,0
55575967,"Chainsaw Man, Vol. 1: Dog and Chainsaw",Tatsuki Fujimoto,"Fujimoto, Tatsuki",,"=""""","=""""",4,4.36,VIZ Media: SHONEN JUMP,Kindle Edition,192,2020,2019,2023/01/19,2023/01/19,,,read,,,,1,0
58446227,Sea of Tranquility,Emily St. John Mandel,"Mandel, Emily St. John",,"=""0593321448""","=""9780593321447""",4,4.05,Knopf,Hardcover,259,2022,2022,2023/01/18,2023/01/16,,,read,,,,1,0
44059077,"H.P. Lovecraft's At the Mountains of Madness, Volume 2",Gou Tanabe,"Tanabe, Gou","田辺 剛, H.P. Lovecraft","=""1506710239""","=""9781506710235""",4,4.37,Dark Horse Manga,Paperback,346,2019,2017,2023/01/14,2023/01/13,,,read,,,,1,0
42875804,"H.P. Lovecraft's At the Mountains of Madness, Volume 1",Gou Tanabe,"Tanabe, Gou",H.P. Lovecraft,"=""1506710220""","=""9781506710228""",4,4.25,Dark Horse Manga,Paperback,298,2019,2016,2023/01/14,2023/01/13,,,read,,,,1,0
35066372,El corazón de las tinieblas,Joseph Conrad,"Conrad, Joseph","Enrique Breccia, Sergio Pitol","=""8494674404""","=""9788494674402""",4,3.43,Libros del Zorro Rojo,Hardcover,144,2017,1899,2023/01/12,2023/01/08,,,read,,,,1,0
58784475,"Tomorrow, and Tomorrow, and Tomorrow",Gabrielle Zevin,"Zevin, Gabrielle",,"=""0735243344""","=""9780735243347""",4,4.11,Knopf,Hardcover,399,2022,2022,2023/01/06,2023/01/05,,,read,,,,1,0
57744316,Furia,Clyo Mendoza,"Mendoza, Clyo",,"=""6078764101""","=""9786078764105""",4,4.05,Almada,Hardcover,259,2021,,2022/12/29,2022/12/15,,,read,,,,1,0
239399,"The Ghost Brigades (Old Man's War, #2)",John Scalzi,"Scalzi, John",,"=""0765354063""","=""9780765354068""",5,4.12,Tom Doherty Associates,Mass Market Paperback,343,2007,2006,2022/12/12,2022/11/21,,,read,,,,1,0
40802996,El gallo de oro y otros relatos,Juan Rulfo,"Rulfo, Juan",,"=""841704714X""","=""9788417047146""",0,4.04,RM,Paperback,206,2017,1980,2022/11/21,2022/11/14,,,read,,,,1,0
2460584,Foundation (Foundation #1),Isaac Asimov,"Asimov, Isaac",,"=""0553382578""","=""9780553382570""",0,4.17,Del Rey,Paperback,272,2008,1951,2022/10/19,2022/10/15,,,read,,,,1,0
52771539,Tsukimonogatari: Possession Tale,NisiOisiN,"NisiOisiN, NisiOisiN",VOFAN,"=""1646590627""","=""9781646590629""",0,3.88,Kodansha Comics,Kindle Edition,307,2019,2012,2022/10/13,2022/10/03,,,read,,,,1,0
1857440,"John Dies at the End (John Dies at the End, #1)",David  Wong,"Wong, David",Jason Pargin,"=""0978970764""","=""9780978970765""",0,3.86,Permuted Press,Paperback,362,2007,2007,,2022/10/09,to-read,to-read (#9),to-read,,,,0,0
10452604,The Illustrated Man (Harper Perennial Modern Classics),Ray Bradbury,"Bradbury, Ray",,"=""0062079972""","=""9780062079978""",5,4.13,William Morrow Paperbacks,Paperback,275,2011,1951,2022/10/01,2022/09/24,,,read,,,,1,0
438551,Ka,Roberto Calasso,"Calasso, Roberto",Edgardo Dobry,"=""8433908901""","=""9788433908902""",5,4.14,Editorial Anagrama,Paperback,464,1999,1996,2022/09/18,2022/07/17,,,read,,,,1,0
20820907,1915,Manuel Gómez Morín,"Morín, Manuel Gómez",,"=""""","=""""",0,4.18,Cvltvra,Paperback,58,1927,1927,,2022/09/06,to-read,to-read (#8),to-read,,,,0,0
60657583,"Lucy by the Sea (Amgash, #4)",Elizabeth Strout,"Strout, Elizabeth",,"=""0593446062""","=""9780593446065""",0,3.90,Random House,Hardcover,291,2022,2022,,2022/08/30,to-read,to-read (#7),to-read,,,,0,0
57945316,Babel,R.F. Kuang,"Kuang, R.F.",,"=""0063021420""","=""9780063021426""",0,4.14,Harper Voyager,Hardcover,544,2022,2022,,2022/07/26,to-read,to-read (#6),to-read,,,,0,0
1009818,El gran teatro del mundo / El gran mercado del mundo,Pedro Calderón de la Barca,"Barca, Pedro Calderón de la",,"=""8437600294""","=""9788437600291""",5,3.78,Cátedra,Paperback,152,2005,1655,2022/07/15,2022/07/13,,,read,,,,1,0
406472,Nuevo tiempo mexicano,Carlos Fuentes,"Fuentes, Carlos",,"=""9681902319""","=""9789681902315""",5,3.93,Alfaguara,Paperback,191,2001,1994,2022/07/12,2022/07/11,,,read,,,,1,0
52771198,Koimonogatari: Love Tale,NisiOisiN,"NisiOisiN, NisiOisiN",VOFAN,"=""1646590619""","=""9781646590612""",5,4.59,Kodansha Comics,Kindle Edition,302,2019,2011,2022/07/10,2022/07/09,,,read,,,,1,0
56353777,The Cabinet,Kim Un-Su,"Un-Su, Kim",Sean Lin Halbert,"=""0857669176""","=""9780857669179""",3,3.49,Angry Robot,Paperback,304,2021,2006,2022/07/07,2022/07/03,,,read,,,,1,0
8855321,"Leviathan Wakes (The Expanse, #1)",James S.A. Corey,"Corey, James S.A.",,"=""1841499889""","=""9781841499888""",4,4.31,Orbit,Paperback,561,2011,2011,2022/07/03,2022/06/27,,,read,,,,1,0
53388537,LA REGION MAS TRANSPARENTE | CARLOS FUENTES | FCE 1977,Carlos Fuentes,"Fuentes, Carlos",,"=""""","=""""",5,4.05,Fondo de la cultura económica. ,Paperback,460,1977,1958,2022/06/24,2022/03/02,,,read,,,,1,0
58582927,Time Is a Mother,Ocean Vuong,"Vuong, Ocean",,"=""0593300238""","=""9780593300237""",0,3.91,Penguin Press,Hardcover,114,2022,2022,,2022/05/03,to-read,to-read (#5),to-read,,,,0,0
54977835,Composite Creatures,Caroline Hardaker,"Hardaker, Caroline",,"=""0857669028""","=""9780857669025""",3,3.46,Angry Robot,Paperback,285,2021,2021,2022/03/01,2022/01/27,,,read,,,,1,0
54357168,Exhalation,Ted Chiang,"Chiang, Ted",,"=""1101972084""","=""9781101972083""",5,4.27,Vintage,Paperback,339,2020,2019,2022/01/21,2022/01/19,,,read,,,,1,0
41015249,Beren and Lúthien,J.R.R. Tolkien,"Tolkien, J.R.R.","Christopher Tolkien, Alan  Lee","=""""","=""""",5,4.06,Houghton Mifflin Harcourt,Kindle Edition,321,2017,2017,2022/01/18,2022/01/07,,,read,"Thus long they spoke with heavy hearts;<br/>and yet not all her elvish arts<br/>nor lissom arms, nor shining eyes<br/>as tremulous stars in rainy skies,<br/>nor tender lips, enchanted voice,<br/>his purpose bent or swayed his choice. ",,,1,0
57850265,How High We Go in the Dark,Sequoia Nagamatsu,"Nagamatsu, Sequoia",,"=""0063072645""","=""9780063072640""",0,3.81,William Morrow,Hardcover,293,2022,2022,,2022/01/19,to-read,to-read (#4),to-read,,,,0,0
24885533,The Paper Menagerie and Other Stories,Ken Liu,"Liu, Ken",,"=""1481442546""","=""9781481442541""",0,4.35,Gallery / Saga Press,Hardcover,450,2016,2016,,2022/01/19,to-read,to-read (#3),to-read,,,,0,0
52771147,Onimonogatari: Demon Tale,NisiOisiN,"NisiOisiN, NisiOisiN",VOFAN,"=""1646590589""","=""9781646590582""",4,4.03,Kodansha Comics,Kindle Edition,315,2019,2011,2022/01/07,2022/01/05,,,read,,,,1,0
25115673,Cinco novelas cortas,Antón Chéjov,"Chéjov, Antón",Víctor Gallego Ballestero,"=""8490650845""","=""9788490650844""",5,4.26,Alba editorial,Paperback,440,2015,2012,2022/01/05,2021/09/07,,,read,,,,1,0
42123075,La vida es sueño,Pedro Calderón de la Barca,"Barca, Pedro Calderón de la",Gabriel Grün,"=""8494884824""","=""9788494884825""",5,3.93,Libros del Zorro Rojo,Hardcover,192,2018,1635,2021/12/17,2021/12/17,,,read,,,,1,0
52771100,Otorimonogatari: Decoy Tale,NisiOisiN,"NisiOisiN, NisiOisiN",VOFAN,"=""1646590570""","=""9781646590575""",5,4.30,Kodansha Comics,Kindle Edition,318,2019,2011,2021/09/06,2021/08/31,,,read,,,,1,0
77565,"The Fall of Hyperion (Hyperion Cantos, #2)",Dan Simmons,"Simmons, Dan",,"=""0553288202""","=""9780553288209""",5,4.24,Spectra,Mass Market Paperback,517,1995,1990,2021/08/28,2021/08/15,,,read,,,,1,0
37703587,"Old Man's War (Old Man's War, #1)",John Scalzi,"Scalzi, John",,"=""""","=""""",4,4.23,Tom Doherty Associates ,Mass Market Paperback,355,2007,2005,2021/08/15,2020/08/26,,,read,,,,1,0
52771037,Hanamonogatari: Flower Tale,NisiOisiN,"NisiOisiN, NisiOisiN",VOFAN,"=""""","=""9781646590605""",4,4.12,Kodansha Comics,ebook,292,2019,2011,2021/08/08,2021/08/07,,,read,,,,1,0
55346095,Piranesi,Susanna Clarke,"Clarke, Susanna",,"=""163557675X""","=""9781635576757""",5,4.21,Bloomsbury Publishing,Hardcover,259,2020,2020,2021/08/04,2020/11/13,,,read,,,,1,0
57101569,Das Haus an Den Klippen: Anfanger 2 (Lesen Und Uben),Achim Seiffarth,"Seiffarth, Achim",,"=""8877546301""","=""9788877546302""",3,3.00,Vicens Vives,Paperback,,2013,,2021/08/03,2021/08/02,,,read,,,,1,0
56083684,En las montañas de la locura,H.P. Lovecraft,"Lovecraft, H.P.",Calvert Casey,"=""8432237671""","=""9788432237676""",4,3.78,Austral,Hardcover,192,2021,1936,2021/07/31,2021/07/28,,,read,,,,1,0
11797647,Harry Potter Signature Boxed Set,J.K. Rowling,"Rowling, J.K.",,"=""1408825945""","=""9781408825945""",5,4.73,Bloomsbury UK,Hardcover,4000,2011,2007,,2020/01/08,,,read,,,,1,0
26795377,"Neverwhere (London Below, #1)",Neil Gaiman,"Gaiman, Neil",,"=""0062459082""","=""9780062459084""",5,4.16,William Morrow Paperbacks,Paperback,440,2016,1996,2021/07/28,2021/07/25,,,read,,,,1,0
53115342,La guerra de los mundos,H.G. Wells,"Wells, H.G.",,"=""6070761103""","=""9786070761102""",3,3.83,Austral,paperback,320,2019,1898,2021/07/24,2021/07/22,,,read,,,,1,0
56056147,"Ansibles, perfiladores y otras máquinas de ingenio",Andrea Chapela,"Chapela, Andrea",,"=""607866784X""","=""9786078667840""",5,4.25,Almadía,Hardcover,213,2020,2020,2021/07/15,2021/06/29,,,read,,,,1,0
823763,Jonathan Strange & Mr Norrell,Susanna Clarke,"Clarke, Susanna",Portia Rosenberg,"=""""","=""""",4,3.87,Bloomsbury Publishing,Paperback,1006,2005,2004,2021/07/12,2021/06/13,,,read,,,,1,0
77566,"Hyperion (Hyperion Cantos, #1)",Dan Simmons,"Simmons, Dan",,"=""0553283685""","=""9780553283686""",4,4.28,Bantam Doubleday Dell Publishing Group,Mass Market Paperback,500,1990,1989,2021/03/21,2021/03/09,,,read,,,,1,0
32487278,Frankenstein,Mary Wollstonecraft Shelley,"Shelley, Mary Wollstonecraft",,"=""6070735404""","=""9786070735400""",4,3.91,Austral,Paperback,294,2016,1818,2021/03/01,2021/02/15,,,read,,,,1,0
3182557,"The City of Dreaming Books (Zamonien, #4)",Walter Moers,"Moers, Walter",J. Maxwell Brownjohn,"=""1590201116""","=""9781590201114""",5,4.40,The Overlook Press,Paperback,456,2008,2004,2021/02/11,2021/02/01,,,read,,,,1,0
46158392,Nekomonogatari (Black),NisiOisiN,"NisiOisiN, NisiOisiN",,"=""1642129070""","=""9781642129076""",4,4.04,Kodansha,Kindle Edition,348,2019,2010,2021/01/31,2021/01/25,,,read,,,,1,0
530787,We,Yevgeny Zamyatin,"Zamyatin, Yevgeny",Mirra Ginsburg,"=""0380633132""","=""9780380633135""",3,3.88,Harper Voyager,Mass Market Paperback,232,2001,1924,2021/01/21,2021/01/10,,,read,,,,1,0
16097219,Física cuántica para filo-sofos,Alberto Clemente de la Torre,"Torre, Alberto Clemente de la",,"=""""","=""""",5,3.64,Fondo de Cultura Económica,Paperback,129,2011,1992,2021/01/08,2021/01/04,,,read,,,,1,0
24233679,Nanociencia y nanotecnología: La construcción de un mundo mejor átomo por átomo,Noboru Takeuchi,"Takeuchi, Noboru",,"=""6071603900""","=""9786071603906""",5,3.91,Fondo de Cultura Económica,Kindle Edition,163,2012,2010,,2020/01/08,,,read,,,,1,0
33520197,Drácula,Bram Stoker,"Stoker, Bram",Juan Antonio Molina Foix,"=""8408167898""","=""9788408167891""",4,4.02,Austral,Hardcover,576,2017,1897,2021/01/02,2020/12/05,,,read,,,,1,0
7386418,La ciencia del caos,Isaac Schifter,"Schifter, Isaac",,"=""9681668634""","=""9789681668631""",3,3.31,Fondo de Cultura Económica,Paperback,108,2001,1996,2020/11/30,2020/11/23,,,read,,,,1,0
35603490,Las mil y una noches,Anonymous,"Anonymous, Anonymous","Dolors Cinca Pinós, Margarita Castells Criballés","=""8423352889""","=""9788423352883""",4,3.51,Austral,Hardcover,656,2017,,2020/11/12,2020/10/05,,,read,,,,1,0
1500566,El esbirro (Astor) (Spanish Edition),Sergei Kourdakov,"Kourdakov, Sergei",,"=""8482394134""","=""9788482394138""",4,4.36,"Ediciones Palabra, S.A.",Paperback,320,2000,1973,,2020/10/23,,,read,,,,1,0
6740915,All Art Is Propaganda: Critical Essays,George Orwell,"Orwell, George",Keith Gessen,"=""0156033070""","=""9780156033077""",4,4.22,Mariner Books Classics,Paperback,416,2009,1941,2020/09/22,2020/06/01,,,read,,,,1,0
1664128,El Cuarto Poder (Spanish Edition),Jeffrey Archer,"Archer, Jeffrey",,"=""8439702477""","=""9788439702474""",3,3.82,Mondadori (IT),Paperback,569,1998,1996,,2020/08/26,,,read,,,,1,0
32981287,El llano en llamas,Juan Rulfo,"Rulfo, Juan",,"=""""","=""""",5,4.20,Editorial RM,Paperback,169,2016,1953,2020/08/14,2020/06/02,,,read,,,,1,0
493212,Propaganda,Edward L. Bernays,"Bernays, Edward L.",Mark Crispin Miller,"=""0970312598""","=""9780970312594""",3,3.74,Ig Publishing,Paperback,168,2004,1928,2020/08/08,2020/06/01,,,read,,,,1,0
415459,I Have No Mouth & I Must Scream,Harlan Ellison,"Ellison, Harlan",Theodore Sturgeon,"=""0441363954""","=""9780441363957""",3,3.89,Ace,Mass Market Paperback,134,1967,1967,2020/05/10,2020/04/29,,,read,,,,1,0
18299452,The Last Question,Isaac Asimov,"Asimov, Isaac",,"=""""","=""""",3,4.53,,ebook,16,1956,1956,2020/05/11,2020/04/28,,,read,,,,1,0
25451264,"Death's End (Remembrance of Earth’s Past, #3)",Liu Cixin,"Cixin, Liu",Ken Liu,"=""0765377101""","=""9780765377104""",5,4.40,TOR,Hardcover,604,2016,2010,2020/06/24,2020/05/04,,,read,,,,1,0
31450980,The Art of War,Sun Tzu,"Tzu, Sun",Jonathan Clements,"=""1509827951""","=""9781509827954""",2,3.94,Macmillan Collector's Library,Hardcover,184,2017,-500,,2020/06/17,,,read,,,,2,0
1841642,Can a Robot be Human?: 33 Perplexing Philosophy Puzzles,Peter Cave,"Cave, Peter",,"=""1851685316""","=""9781851685318""",3,3.37,Oneworld Publications,Paperback,192,2007,2010,,2020/06/15,,,read,,,,1,0
20807813,Meditaciones,Marcus Aurelius,"Aurelius, Marcus",,"=""6071122252""","=""9786071122254""",3,4.28,Taurus (Great Ideas),Paperback,172,2012,180,2020/06/12,2020/06/08,,,read,,,,1,0
38667,Pedro Páramo,Juan Rulfo,"Rulfo, Juan",Fundación Juan Rulfo,"=""""","=""""",0,4.05,Editorial RM - Fundación Juan Rulfo,Paperback,136,2017,1955,,2020/06/09,,,read,,,,1,0
3220405,"Ender in Exile (Ender's Saga, #5)",Orson Scott Card,"Card, Orson Scott",,"=""0765304961""","=""9780765304964""",0,3.92,Tor Books,Hardcover,369,2008,2008,,2020/06/02,to-read,to-read (#2),to-read,,,,0,0
12615,Media Control: The Spectacular Achievements of Propaganda,Noam Chomsky,"Chomsky, Noam",,"=""1583225366""","=""9781583225363""",0,4.02,Seven Stories Press,Paperback,103,2002,1995,,2020/06/01,to-read,to-read (#1),to-read,,,,0,0
38820046,21 Lessons for the 21st Century,Yuval Noah Harari,"Harari, Yuval Noah",,"=""0525512179""","=""9780525512172""",4,4.15,Random House,Hardcover,372,2018,2018,2020/06/01,2020/05/04,,,read,,,,1,0
17449456,Rebelión en la granja,George Orwell,"Orwell, George","Christopher Hitchens, Marcial Souto","=""8499890954""","=""9788499890951""",5,4.02,DeBolsillo,Mass Market Paperback,140,2014,1945,2020/04/11,2020/04/11,,,read,,,,1,0
35696171,"Enlightenment Now: The Case for Reason, Science, Humanism, and Progress",Steven Pinker,"Pinker, Steven",,"=""0525427570""","=""9780525427575""",4,4.20,Viking,Hardcover,576,2018,2018,2020/04/10,2020/02/06,,,read,,,,1,0
23168817,"The Dark Forest (Remembrance of Earth’s Past, #2)",Liu Cixin,"Cixin, Liu",Joel Martinsen,"=""""","=""""",4,4.40,Tor Books,Hardcover,512,2015,2008,2020/01/14,2020/01/09,,,read,,,,1,0
5186293,"Caos, fractales y cosas raras",Eliezer Braun,"Braun, Eliezer",,"=""968166843X""","=""9789681668433""",5,3.73,Fondo de Cultura Económica,Paperback,156,2008,2008,,2020/01/08,,,read,,,,1,0
23692271,Sapiens: A Brief History of Humankind,Yuval Noah Harari,"Harari, Yuval Noah",,"=""""","=""""",5,4.33,Vintage,Paperback,512,2015,2011,,2020/01/08,,,read,,,,1,0
17046679,"The Boy from Reactor 4 (Nadia Tesla, #1)",Orest Stelmach,"Stelmach, Orest",,"=""1612186084""","=""9781612186085""",3,3.75,Thomas & Mercer,Paperback,388,2013,2011,,2020/01/08,,,read,,,,1,0
9969571,"Ready Player One (Ready Player One, #1)",Ernest Cline,"Cline, Ernest",,"=""030788743X""","=""9780307887436""",5,4.22,Crown Publishers,Hardcover,480,2011,2011,,2020/01/08,,,read,,,,1,0
9275658,"Legend (Legend, #1)",Marie Lu,"Lu, Marie",,"=""""","=""""",4,4.15,Putnam Juvenile,Hardcover,305,2011,2011,,2020/01/08,,,read,,,,1,0
13414446,"Prodigy (Legend, #2)",Marie Lu,"Lu, Marie",,"=""0399256768""","=""9780399256769""",1,4.22,Putnam Juvenile,Hardcover,371,2013,2013,,2020/01/08,,,read,,,,1,0
16278318,Armada,Ernest Cline,"Cline, Ernest",,"=""0804137250""","=""9780804137256""",5,3.56,Crown Publishing ,Hardcover,355,2015,2015,,2020/01/08,,,read,,,,1,0
36721847,¿Y ahora qué? México ante el 2018 (Spanish Edition),Fundacion Universidad De Guadalajar,"Guadalajar, Fundacion Universidad De",,"=""6073162006""","=""9786073162005""",3,4.09,DEBATE,Kindle Edition,449,2017,,,2020/01/08,,,read,,,,1,0
32862622,La cuarta revolución industrial,Klaus Schwab,"Schwab, Klaus",,"=""8499926991""","=""9788499926995""",4,3.57,DEBATE,Kindle Edition,211,2016,2016,,2020/01/08,,,read,,,,1,0
39786119,De cero a uno: Cómo inventar el futuro,Peter Thiel,"Thiel, Peter",María Maestro Cuadrado,"=""8498753538""","=""9788498753530""",4,4.15,Gestión 2000,Paperback,176,2015,2014,,2020/01/08,,,read,,,,1,0
49393449,La metamorfosis y otros relatos de animales,Franz Kafka,"Kafka, Franz",,"=""""","=""""",3,3.84,Austral,Paperback,245,2019,,,2020/01/08,,,read,,,,1,0
12371862,"Unbreakable (The Legion, #1)",Kami Garcia,"Garcia, Kami",,"=""031621017X""","=""9780316210171""",3,3.78,"Little, Brown Books for Young Readers",Hardcover,305,2013,2013,,2020/01/08,,,read,,,,1,0
11110820,Alejandro / Alexander the Great: La Arrolladora Marcha De La Falange / the Sweeping Motion of the Phalanx (Spanish Edition),Gabriel Sánchez,"Sánchez, Gabriel",,"=""6074571066""","=""9786074571066""",5,4.40,Lectorum S A De C V,Paperback,158,2012,2010,,2020/01/08,,,read,,,,1,0
5974622,Los cuentos de Beedle el Bardo,J.K. Rowling,"Rowling, J.K.",Gemma Rovira Ortega,"=""8498381959""","=""9788498381955""",5,4.03,Salamandra,Hardcover,118,2008,2008,,2020/01/08,,,read,,,,1,0
9395411,Quidditch a través de los tiempos,Kennilworthy Whisp,"Whisp, Kennilworthy","J.K. Rowling, Alicia Dellepiane","=""8498382696""","=""9788498382693""",3,3.79,Salamandra,Paperback,73,2010,2001,,2020/01/08,,,read,,,,1,0
9395407,"Animales fantásticos y dónde encontrarlos (Biblioteca de Hogwarts, #1)",Newt Scamander,"Scamander, Newt",J.K. Rowling,"=""8498382688""","=""9788498382686""",0,3.95,Salamandra,Paperback,64,2010,2001,,2020/01/08,,,read,,,,1,0
18335700,The Silmarillion,J.R.R. Tolkien,"Tolkien, J.R.R.",,"=""""","=""""",5,4.04,HarperCollins,Paperback,443,2013,1977,,2020/01/08,,,read,,,,1,0
17013885,The Hobbit and The Lord of the Rings,J.R.R. Tolkien,"Tolkien, J.R.R.",,"=""0007509847""","=""9780007509843""",5,4.62,HarperCollins,Paperback,2064,2012,1954,,2020/01/08,,,read,,,,1,0
9724588,"Narraciones Extraordinarias (Sepan Cuantos, #210)",Edgar Allan Poe,"Poe, Edgar Allan",,"=""9700769674""","=""9789700769677""",3,4.17,Porrua,Hardcover,,2007,1840,,2020/01/08,,,read,,,,1,0
3744438,1984,George Orwell,"Orwell, George",Peter Hobley Davison,"=""0141036141""","=""9780141036144""",5,4.20,Penguin Books,Paperback,334,2008,1948,,2020/01/08,,,read,,,,1,0
38359036,"The Tattooist of Auschwitz (The Tattooist of Auschwitz, #1)",Heather   Morris,"Morris, Heather",,"=""006287067X""","=""9780062870674""",3,4.32,Harper,Hardcover,272,2018,2018,,2020/01/08,,,read,,,,1,0
6623016,El Carbono: Cuentos orientales,Pedro Bosch Giral,"Giral, Pedro Bosch",Gabriela Pacheco,"=""968166650X""","=""9789681666507""",5,3.03,Fondo de Cultura Económica,Paperback,122,2006,2006,,2020/01/08,,,read,,,,1,0
8222217,"La caprichosa forma de Globión (La Ciencia para Todos, #168)",Alejandro Illanes Mejía,"Mejía, Alejandro Illanes",,"=""9681660277""","=""9789681660277""",5,3.70,Fondo de Cultura Económica,Paperback,135,1999,1999,,2020/01/08,,,read,,,,1,0
28603205,"Re:ZERO -Starting Life in Another World-, Vol. 1 (Re:Zero Light Novels, #1)",Tappei Nagatsuki,"Nagatsuki, Tappei",Shinichirou Otsuka,"=""0316315303""","=""9780316315302""",4,4.06,Yen On,Paperback,231,2016,2014,,2020/01/08,,,read,,,,1,0
29236541,Lord of the Flies,William Golding,"Golding, William","Lois Lowry, Stephen  King, E.M. Forster, Jennifer Buehler","=""0143129406""","=""9780143129400""",5,3.70,Penguin Classics,Paperback,307,2016,1954,,2020/01/08,,,read,,,,1,0
4556058,"The Last Olympian (Percy Jackson and the Olympians, #5)",Rick Riordan,"Riordan, Rick",,"=""1423101472""","=""9781423101475""",5,4.55,Disney-Hyperion Books,Hardcover,381,2009,2009,,2020/01/08,,,read,,,,1,0
2120932,"The Battle of the Labyrinth (Percy Jackson and the Olympians, #4)",Rick Riordan,"Riordan, Rick",,"=""1423101464""","=""9781423101468""",4,4.42,Hyperion Books for Children,Hardcover,361,2008,2008,,2020/01/08,,,read,,,,1,0
561456,"The Titan’s Curse (Percy Jackson and the Olympians, #3)",Rick Riordan,"Riordan, Rick",,"=""""","=""""",5,4.37,Puffin Books,Kindle Edition,352,2007,2007,,2020/01/08,,,read,,,,1,0
28186,"The Sea of Monsters (Percy Jackson and the Olympians, #2)",Rick Riordan,"Riordan, Rick",,"=""0786856866""","=""9780786856862""",4,4.24,Hyperion Books,Hardcover,279,2006,2006,,2020/01/08,,,read,,,,1,0
28187,"The Lightning Thief (Percy Jackson and the Olympians, #1)",Rick Riordan,"Riordan, Rick",,"=""0786838655""","=""9780786838653""",4,4.31,Disney Hyperion Books,Paperback,377,2006,2005,,2020/01/08,,,read,,,,1,0
23257464,"The Game of Lives (The Mortality Doctrine, #3)",James Dashner,"Dashner, James",,"=""038574143X""","=""9780385741439""",3,3.87,Delacorte Press,Hardcover,336,2015,2015,,2020/01/08,,,read,,,,1,0
17700320,"The Rule of Thoughts (The Mortality Doctrine, #2)",James Dashner,"Dashner, James",,"=""0385741413""","=""9780385741415""",5,3.94,Delacorte Press,Hardcover,336,2014,2014,,2020/01/08,,,read,,,,1,0
16279856,"The Eye of Minds (The Mortality Doctrine, #1)",James Dashner,"Dashner, James",,"=""0385741391""","=""9780385741392""",5,3.84,Delacorte Books for Young Readers,Hardcover,308,2013,2013,,2020/01/08,,,read,,,,1,0
7864437,"The Death Cure (The Maze Runner, #3)",James Dashner,"Dashner, James",,"=""0385738773""","=""9780385738774""",2,3.78,Delacorte Books for Young Readers,Hardcover,325,2011,2011,,2020/01/08,,,read,,,,1,0
7631105,"The Scorch Trials (The Maze Runner, #2)",James Dashner,"Dashner, James",,"=""0385738757""","=""9780385738750""",5,3.89,Delacorte Press,Hardcover,362,2010,2010,,2020/01/08,,,read,,,,1,0
6186357,"The Maze Runner (The Maze Runner, #1)",James Dashner,"Dashner, James",,"=""0385737947""","=""9780385737944""",4,4.06,Delacorte Press,Hardcover,384,2009,2009,,2020/01/08,,,read,,,,1,0
21483760,"Spell or High Water (Magic 2.0, #2)",Scott  Meyer,"Meyer, Scott",,"=""1477823484""","=""9781477823484""",4,4.04,47North,Paperback,431,2014,2014,,2020/01/08,,,read,,,,1,0
7938275,"The Hunger Games Trilogy Boxset (The Hunger Games, #1-3)",Suzanne Collins,"Collins, Suzanne","Guillaume Fournier, Pilar Ramírez Tello, Hanna Hörl, Sylke Hachmeister, Peter Klöss","=""0545265355""","=""9780545265355""",4,4.50,Scholastic Press,Hardcover,1155,2010,2010,,2020/01/08,,,read,,,,1,0
18222699,"Graduation Day (The Testing, #3)",Joelle Charbonneau,"Charbonneau, Joelle",,"=""0547959214""","=""9780547959214""",5,3.81,Clarion Books,Hardcover,304,2014,2014,,2020/01/08,,,read,,,,1,0
13326831,"The Testing (The Testing, #1)",Joelle Charbonneau,"Charbonneau, Joelle","Amélie Sarn, Amélie Hesnard","=""0547959109""","=""9780547959108""",5,4.05,Houghton Mifflin,Hardcover,325,2013,2013,,2020/01/08,,,read,,,,1,0
16131484,"The Infinite Sea (The 5th Wave, #2)",Rick Yancey,"Yancey, Rick",,"=""1101599014""","=""9781101599013""",3,3.83,Putnam Juvenile,Kindle Edition,320,2014,2014,,2020/01/08,,,read,,,,1,0
16101128,"The 5th Wave (The 5th Wave, #1)",Rick Yancey,"Yancey, Rick",,"=""0399162410""","=""9780399162411""",5,4.00,G.P. Putnam's Sons Books for Young Readers,Hardcover,457,2013,2013,,2020/01/08,,,read,,,,1,0
15808621,"The Wise Man's Fear (The Kingkiller Chronicle, #2)",Patrick Rothfuss,"Rothfuss, Patrick",,"=""0756407915""","=""9780756407919""",5,4.55,DAW,Mass Market Paperback,1107,2013,2011,,2020/01/08,,,read,,,,1,0
6483211,"El nombre del viento (Crónica del asesino de reyes, #1)",Patrick Rothfuss,"Rothfuss, Patrick",Gemma Rovira Ortega,"=""8401337208""","=""9788401337208""",5,4.52,Plaza & Janés,Paperback,872,2009,2007,,2020/01/08,,,read,,,,1,0
20518872,"The Three-Body Problem (Remembrance of Earth’s Past, #1)",Liu Cixin,"Cixin, Liu",Ken Liu,"=""""","=""""",5,4.08,Tor Books,Hardcover,472,2014,2006,,2020/01/08,,,read,,,,1,0
3363015,"The Ender Quartet Box Set (The Ender Quintet, #1-4)",Orson Scott Card,"Card, Orson Scott",,"=""0765362430""","=""9780765362438""",5,4.49,Tor Science Fiction,Paperback,1760,2008,2008,,2020/01/08,,,read,,,,2,0
30132874,"Yo, robot (Robot, #0.1)",Isaac Asimov,"Asimov, Isaac",,"=""""","=""""",5,4.21,Edhasa,Paperback,389,2015,1950,,2020/01/08,,,read,,,,1,0
10480387,The Martian Chronicles,Ray Bradbury,"Bradbury, Ray",,"=""006207993X""","=""9780062079930""",5,4.16,William Morrow Paperbacks,Paperback,268,2011,1950,,2020/01/08,,,read,,,,1,0
13079982,Fahrenheit 451,Ray Bradbury,"Bradbury, Ray",,"=""""","=""""",4,3.97,Simon & Schuster,Mass Market Paperback,249,2011,1953,,2020/01/08,,,read,,,,1,0
22693203,"Dorothy Must Die (Dorothy Must Die, #1)",Danielle  Paige,"Paige, Danielle",,"=""0062280686""","=""9780062280688""",0,3.79,HarperCollins,Paperback,452,2015,2014,,2017/04/16,,,read,,,,1,0
26030741,"Sword Art Online, Vol. 7: Mother's Rosario (Sword Art Online Light Novels, #7)",Reki Kawahara,"Kawahara, Reki",,"=""0316390402""","=""9780316390408""",0,4.38,Yen On,Paperback,216,2016,2011,,2020/01/08,,,read,,,,1,0
25318828,"Sword Art Online, Vol. 6: Phantom Bullet (Sword Art Online Light Novels, #6)",Reki Kawahara,"Kawahara, Reki",,"=""0316296457""","=""9780316296458""",0,4.35,Yen On,Paperback,312,2015,2010,,2020/01/08,,,read,,,,1,0
23731869,"Sword Art Online, Vol. 5: Phantom Bullet (Sword Art Online Light Novels, #5)",Reki Kawahara,"Kawahara, Reki",,"=""0316296449""","=""9780316296441""",0,4.28,Yen On,Paperback,216,2015,2010,,2020/01/08,,,read,,,,1,0
22875088,"Sword Art Online, Vol. 4: Fairy Dance (Sword Art Online Light Novels, #4)",Reki Kawahara,"Kawahara, Reki",,"=""0316296430""","=""9780316296434""",0,4.16,Yen On,Paperback,216,2015,2010,,2020/01/08,,,read,,,,1,0
21920950,"Sword Art Online, Vol. 3: Fairy Dance  (Sword Art Online Light Novels, #3)",Reki Kawahara,"Kawahara, Reki",,"=""0316296422""","=""9780316296427""",0,4.12,Yen On,Paperback,216,2014,2009,,2020/01/08,,,read,,,,1,0
19539103,"Sword Art Online, Vol. 2: Aincrad (Sword Art Online Light Novels, #2)",Reki Kawahara,"Kawahara, Reki",,"=""0316376817""","=""9780316376815""",0,4.19,Yen On,Paperback,264,2014,2009,,2020/01/08,,,read,,,,1,0
18513556,"Sword Art Online, Vol. 1: Aincrad (Sword Art Online Light Novels, #1)",Reki Kawahara,"Kawahara, Reki",,"=""0316371246""","=""9780316371247""",0,4.27,Yen On,Paperback,264,2014,2009,,2020/01/08,,,read,,,,1,0
7664041,"Inheritance (The Inheritance Cycle, #4)",Christopher Paolini,"Paolini, Christopher",,"=""0375856110""","=""9780375856112""",5,4.17,Alfred A. Knopf,Hardcover,849,2011,2011,,2020/01/08,,,read,,,,1,0
2248573,"Brisingr (The Inheritance Cycle, #3)",Christopher Paolini,"Paolini, Christopher",,"=""0375826726""","=""9780375826726""",4,4.11,Alfred A. Knopf,Hardcover,748,2008,2008,,2020/01/08,,,read,,,,1,0
45978,"Eldest (The Inheritance Cycle, #2)",Christopher Paolini,"Paolini, Christopher",,"=""0375840400""","=""9780375840401""",4,4.05,Knopf Books for Young Readers,Paperback,704,2007,2005,,2020/01/08,,,read,,,,1,0
113436,Eragon (The Inheritance Cycle #1),Christopher Paolini,"Paolini, Christopher",,"=""0375826696""","=""9780375826696""",5,3.97,Alfred A. Knopf,Paperback,503,2005,2002,,2020/01/08,,,read,,,,1,0
18401393,The Martian,Andy Weir,"Weir, Andy",,"=""""","=""""",5,4.42,Broadway Books,Kindle Edition,385,2014,2011,2016/01/20,2016/01/20,,,read,,,,1,0
6548450,Otoño azul,José Ramón Ayllón,"Ayllón, José Ramón",,"=""8483430681""","=""9788483430682""",3,3.59,Bambú,Paperback,160,2010,2009,,2017/11/11,,,read,"Me gusto la trama, sencilla y digerible, pero tuvo un desastroso final que deja mucho que desear",,,1,0
23249416,"An Unwelcome Quest (Magic 2.0, #3)",Scott  Meyer,"Meyer, Scott",,"=""147787139X""","=""9781477871393""",5,4.00,47North,Kindle Edition,434,2015,2015,2016/12/01,2016/12/01,,,read,,,,1,0
28964355,"CTRL ALT Revolt! (Soda Pop Soldier, #0.5)",Nick Cole,"Cole, Nick",,"=""""","=""""",5,3.81,Nick Cole,Kindle Edition,475,2016,2015,2016/09/15,2016/09/15,,,read,,,,1,0
30283023,El factor sobrenatural,Edgar Cantero,"Cantero, Edgar",,"=""""","=""""",5,3.63,Minotauro,Kindle Edition,307,2015,2014,2016/05/24,2016/05/24,,,read,,,,1,0
26183591,Imperfect,Claire Fraise,"Fraise, Claire",,"=""""","=""""",3,3.71,,Kindle Edition,355,2015,2015,2016/05/02,2016/05/02,,,read,,,,1,0
23838958,Érase una vez Mexico 2: Del grito a la Revolución,Alejandro Rosas,"Rosas, Alejandro",Sandra Molina Arceo,"=""6070723252""","=""9786070723254""",3,4.15,Martínez Roca México,Kindle Edition,259,2014,2014,2016/04/13,2016/04/13,,,read,,,,1,0
20557440,Érase una vez México I: De las cavernas al virreinato,Alejandro Rosas,"Rosas, Alejandro",Sandra Molina Arceo,"=""6070719522""","=""9786070719523""",2,3.98,Martínez Roca México,Kindle Edition,236,2013,2013,2016/03/15,2016/03/15,,,read,,,,1,0
20351202,The Man in the High Castle,Philip K. Dick,"Dick, Philip K.",,"=""""","=""""",3,3.59,Houghton Mifflin Harcourt,ebook,278,2012,1962,2016/03/08,2016/03/08,,,read,,,,1,0
24954186,Master of Formalities,Scott  Meyer,"Meyer, Scott",,"=""1477880917""","=""9781477880913""",5,3.85,47North,Kindle Edition,448,2015,2015,2015/12/04,2015/12/04,,,read,,,,1,0
17731926,Atlantia,Ally Condie,"Condie, Ally",,"=""0698135601""","=""9780698135604""",3,3.42,Dutton Books,Kindle Edition,368,2014,2014,2015/10/06,2015/10/06,,,read,,,,1,0
21240368,"Off to Be the Wizard (Magic 2.0, #1)",Scott  Meyer,"Meyer, Scott",,"=""""","=""""",4,4.00,47North,ebook,277,2014,2013,2015/10/06,2015/10/06,,,read,,,,1,0
20975348,Hungry,H.A. Swain,"Swain, H.A.",,"=""""","=""""",4,3.39,Feiwel & Friends,Kindle Edition,384,2014,2014,2015/07/29,2015/07/27,,,read,,,,1,0
